CREATE DATABASE GESTIONACADEMICA
GO

USE GESTIONACADEMICA
GO


CREATE TABLE EMPLEADO
( 
	IDEMPLEADO           integer  NOT NULL ,
	APELLIDO             varchar(100)  NULL ,
	NOMBRE               varchar(100)  NULL ,
	TELEFONO             varchar(20)  NOT NULL ,
	CORREO               varchar(100)  NOT NULL ,
	CONSTRAINT XPKEMPLEADO PRIMARY KEY (IDEMPLEADO ASC)
)
go



CREATE TABLE ROL
( 
	IDROL                integer  NOT NULL ,
	NOMBRE               varchar(60)  NOT NULL ,
	CONSTRAINT XPKROL PRIMARY KEY (IDROL ASC)
)
go



CREATE TABLE USUARIO
( 
	IDEMPLEADO           integer  NOT NULL ,
	USUARIO              varchar(20)  NOT NULL ,
	CLAVE                varchar(20)  NOT NULL ,
	IDROL                integer  NOT NULL ,
	ACTIVO               integer  NOT NULL ,
	CONSTRAINT XPKUSUARIO PRIMARY KEY (IDEMPLEADO ASC),
	CONSTRAINT FK_USUARIO_EMPLEADO FOREIGN KEY (IDEMPLEADO) REFERENCES EMPLEADO(IDEMPLEADO)
		ON DELETE NO ACTION
		ON UPDATE NO ACTION,
CONSTRAINT FK_USUARIO_ROL FOREIGN KEY (IDROL) REFERENCES ROL(IDROL)
		ON DELETE NO ACTION
		ON UPDATE NO ACTION
)
go


-- Datos tabla Empleado
INSERT INTO EMPLEADO(IDEMPLEADO,APELLIDO,NOMBRE,TELEFONO,CORREO)
VALUES(1,'Campos Palpa','Geraldo Eloy','912456785','g.campos.p@sistuni.pe')
INSERT INTO EMPLEADO(IDEMPLEADO,APELLIDO,NOMBRE,TELEFONO,CORREO)
VALUES(2,'Escobar Rojas','Pablo Alberto','978452365','p.escobar.r@sistuni.pe')
INSERT INTO EMPLEADO(IDEMPLEADO,APELLIDO,NOMBRE,TELEFONO,CORREO)
VALUES(3,'Zulueta Flores','Xiomara Helen','965842135','x.zulueta.f@sistuni.pe')
INSERT INTO EMPLEADO(IDEMPLEADO,APELLIDO,NOMBRE,TELEFONO,CORREO)
VALUES(4,'Benito Santillan','Andre Fabrizio','989704478','andre.benito.s@sistuni.pe')
INSERT INTO EMPLEADO(IDEMPLEADO,APELLIDO,NOMBRE,TELEFONO,CORREO)
VALUES(5,'Huapaya Caycho','Alison Elizabeth','951567826','alison.huapaya.c@sistuni.pe')
INSERT INTO EMPLEADO(IDEMPLEADO,APELLIDO,NOMBRE,TELEFONO,CORREO)
VALUES(6,'Quispe Palomino','Mario Guillermo','956255900','mario.quispe.p@sistuni.pe')
INSERT INTO EMPLEADO(IDEMPLEADO,APELLIDO,NOMBRE,TELEFONO,CORREO)
VALUES(7,'Zavaleta Huaccha','William Fernando','984567455','william.zavaleta.h@sistuni.edu.pe')
INSERT INTO EMPLEADO(IDEMPLEADO,APELLIDO,NOMBRE,TELEFONO,CORREO)
VALUES(8,'Adriano Peña','Rolando Wilder','954786254','rolando.adriano.p@sistuni.edu.pe')
INSERT INTO EMPLEADO(IDEMPLEADO,APELLIDO,NOMBRE,TELEFONO,CORREO)
VALUES(9,'Aguero Correa','Angel Alejandro','984579658','angel.aguero.c@sistuni.edu.pe')
INSERT INTO EMPLEADO(IDEMPLEADO,APELLIDO,NOMBRE,TELEFONO,CORREO)
VALUES(10,'Cerda Hernandez','Jose Javier','987512479','jose.cerda.h@sistuni.edu.pe')
INSERT INTO EMPLEADO(IDEMPLEADO,APELLIDO,NOMBRE,TELEFONO,CORREO)
VALUES(11,'Aginaga Risco','Clovis Pompeyo','984571264','clovis.aginaga.r@sistuni.edu.pe')
INSERT INTO EMPLEADO(IDEMPLEADO,APELLIDO,NOMBRE,TELEFONO,CORREO)
VALUES(12,'Altamiza Chavez','Gustavo Alberto','912478545','gustavo.altamiza.c@sistuni.edu.pe')
INSERT INTO EMPLEADO(IDEMPLEADO,APELLIDO,NOMBRE,TELEFONO,CORREO)
VALUES(13,'Aranaga Manrique','David Fernando','921354785','david.aranaga.m@sistuni.edu.pe')
INSERT INTO EMPLEADO(IDEMPLEADO,APELLIDO,NOMBRE,TELEFONO,CORREO)
VALUES(14,'Aranda Dioses','Edith Teodora','914685214','edith.aranda.d@sistuni.edu.pe')
INSERT INTO EMPLEADO(IDEMPLEADO,APELLIDO,NOMBRE,TELEFONO,CORREO)
VALUES(15,'Arevalo Castro','Victor Manuel','912045748','victor.arevalo.m@sistuni.edu.pe')
INSERT INTO EMPLEADO(IDEMPLEADO,APELLIDO,NOMBRE,TELEFONO,CORREO)
VALUES(16,'Arnao Rondan','Raymundo Ildefonzo','942156578','raymundo.arnao.r@sistuni.edu.pe')
INSERT INTO EMPLEADO(IDEMPLEADO,APELLIDO,NOMBRE,TELEFONO,CORREO)
VALUES(17,'Cabezas Vega','Luis Americo','921403587','luis.cabezas,v@sistuni.edu.pe')
INSERT INTO EMPLEADO(IDEMPLEADO,APELLIDO,NOMBRE,TELEFONO,CORREO)
VALUES(18,'Ysique Quesquen','Jose Walter','950321756','jose.ysique.q@sistuni.edu.pe')
INSERT INTO EMPLEADO(IDEMPLEADO,APELLIDO,NOMBRE,TELEFONO,CORREO)
VALUES(19,'Vera Roncalla','Cesar Anibal','924885321','cesar.vera.r@sistuni.edu.pe')
INSERT INTO EMPLEADO(IDEMPLEADO,APELLIDO,NOMBRE,TELEFONO,CORREO)
VALUES(20,'Sanchez Portugal','Richard Manuel','923695100','richard.sanchez.p@sistuni.edu.pe')
INSERT INTO EMPLEADO(IDEMPLEADO,APELLIDO,NOMBRE,TELEFONO,CORREO)
VALUES(21,'Salinas Ortiz','Jose Adrian','935851744','jose.salinas.o@sistuni.edu.pe')
INSERT INTO EMPLEADO(IDEMPLEADO,APELLIDO,NOMBRE,TELEFONO,CORREO)
VALUES(22,'Vasquez Castillo','David Eduardo','989704487','david.vasquez.c@sistuni.edu.pe')
INSERT INTO EMPLEADO(IDEMPLEADO,APELLIDO,NOMBRE,TELEFONO,CORREO)
VALUES(23,'Rodriguez Carbajal','Genaro Armando','962485963','genaro.rodriguez.c@sistuni.edu.pe')
INSERT INTO EMPLEADO(IDEMPLEADO,APELLIDO,NOMBRE,TELEFONO,CORREO)
VALUES(24,'Quispe Llanos','Renan Jesus','915789322','renan.quispe.l@sistuni.edu.pe')
INSERT INTO EMPLEADO(IDEMPLEADO,APELLIDO,NOMBRE,TELEFONO,CORREO)
VALUES(25,'Navarro Huamani','Luis Alberto','915009654','luis.navarro.h@sistuni.edu.pe')
INSERT INTO EMPLEADO(IDEMPLEADO,APELLIDO,NOMBRE,TELEFONO,CORREO)
VALUES(26,'Caparo Coronado','Rafael Jimmy','921365472','rafael.caparo.c@sistuni.edu.pe')
GO

--Datos tabla ROL
INSERT INTO ROL(IDROL,NOMBRE)
VALUES(1,'Administrativo')
INSERT INTO ROL(IDROL,NOMBRE)
VALUES(2,'Profesor')
INSERT INTO ROL(IDROL,NOMBRE)
VALUES(3,'Asistente')
GO


--Datos tabla USUARIO
INSERT INTO USUARIO(IDEMPLEADO,USUARIO,CLAVE,IDROL,ACTIVO)
VALUES(1, 'gcampos', '123', 1,1)
INSERT INTO USUARIO(IDEMPLEADO,USUARIO,CLAVE,IDROL,ACTIVO)
VALUES(2, 'projas', '213', 1,1)
INSERT INTO USUARIO(IDEMPLEADO,USUARIO,CLAVE,IDROL,ACTIVO)
VALUES(3, 'xzulueta', '312',1,1)
INSERT INTO USUARIO(IDEMPLEADO,USUARIO,CLAVE,IDROL,ACTIVO)
VALUES(4, 'bandre', '321',1,1)
INSERT INTO USUARIO(IDEMPLEADO,USUARIO,CLAVE,IDROL,ACTIVO)
VALUES(5, 'halison', '132',1,1)
INSERT INTO USUARIO(IDEMPLEADO,USUARIO,CLAVE,IDROL,ACTIVO)
VALUES(6, 'qmario', '213',1,0)
INSERT INTO USUARIO(IDEMPLEADO,USUARIO,CLAVE,IDROL,ACTIVO)
VALUES(7,'wzavaleta','123456',2,1)
INSERT INTO USUARIO(IDEMPLEADO,USUARIO,CLAVE,IDROL,ACTIVO)
VALUES(8,'radriano','546258',2,1)
INSERT INTO USUARIO(IDEMPLEADO,USUARIO,CLAVE,IDROL,ACTIVO)
VALUES(9,'aaguero','214563', 2,1)
INSERT INTO USUARIO(IDEMPLEADO,USUARIO,CLAVE,IDROL,ACTIVO)
VALUES(10,'jcerda','765124', 2,1)
INSERT INTO USUARIO(IDEMPLEADO,USUARIO,CLAVE,IDROL,ACTIVO)
VALUES(11,'caginaga','965415', 2,1)
INSERT INTO USUARIO(IDEMPLEADO,USUARIO,CLAVE,IDROL,ACTIVO)
VALUES(12,'galtamiza','645748', 2,1)
INSERT INTO USUARIO(IDEMPLEADO,USUARIO,CLAVE,IDROL,ACTIVO)
VALUES(13,'daranga','321455', 2,1)
INSERT INTO USUARIO(IDEMPLEADO,USUARIO,CLAVE,IDROL,ACTIVO)
VALUES(14,'earanda','124789',2,1)
INSERT INTO USUARIO(IDEMPLEADO,USUARIO,CLAVE,IDROL,ACTIVO)
VALUES(15,'varevalo','102146',2,1)
INSERT INTO USUARIO(IDEMPLEADO,USUARIO,CLAVE,IDROL,ACTIVO)
VALUES(16,'rarnao','521456',2,1)
INSERT INTO USUARIO(IDEMPLEADO,USUARIO,CLAVE,IDROL,ACTIVO)
VALUES(17,'lcabezas','654127',2,1)
INSERT INTO USUARIO(IDEMPLEADO,USUARIO,CLAVE,IDROL,ACTIVO)
VALUES(18,'jysique','123456',2,1)
INSERT INTO USUARIO(IDEMPLEADO,USUARIO,CLAVE,IDROL,ACTIVO)
VALUES(19,'cvera','933100',2,1)
INSERT INTO USUARIO(IDEMPLEADO,USUARIO,CLAVE,IDROL,ACTIVO)
VALUES(20,'rsanchez','120432',2,1)
INSERT INTO USUARIO(IDEMPLEADO,USUARIO,CLAVE,IDROL,ACTIVO)
VALUES(21,'jsalinas','846214',2,1)
INSERT INTO USUARIO(IDEMPLEADO,USUARIO,CLAVE,IDROL,ACTIVO)
VALUES(22,'dvasquez','874785',2,1)
INSERT INTO USUARIO(IDEMPLEADO,USUARIO,CLAVE,IDROL,ACTIVO)
VALUES(23,'grodriguez','215647',2,1)
INSERT INTO USUARIO(IDEMPLEADO,USUARIO,CLAVE,IDROL,ACTIVO)
VALUES(24,'rquispe','954678',2,1)
INSERT INTO USUARIO(IDEMPLEADO,USUARIO,CLAVE,IDROL,ACTIVO)
VALUES(25,'lnavarro','254789',2,1)
INSERT INTO USUARIO(IDEMPLEADO,USUARIO,CLAVE,IDROL,ACTIVO)
VALUES(26,'rcaparo','651245',2,1)
GO




