
-- DISTRITOS

INSERT INTO DISTRITO VALUES(1,'LOS OLIVOS');
INSERT INTO DISTRITO VALUES(2,'INDEPENDENCIA');
INSERT INTO DISTRITO VALUES(3,'COMAS');
INSERT INTO DISTRITO VALUES(4,'SAN MARTIN DE PORRES');
INSERT INTO DISTRITO VALUES(5,'RIMAC');
INSERT INTO DISTRITO VALUES(6,'BREÑA');
GO

-- CLIENTES

INSERT INTO CLIENTE(IDCLIENTE, APELLIDO, NOMBRE, DNI, IDDISTRITO, DIRECCION, TELEFONO, CORREO)
VALUES(1, 'AMANCIO HUARINGA', 'STEVEN RAUL', '90542389', 4, 'CALLE ALFA 345', '985467234', 'samancio@gmail.com');

INSERT INTO CLIENTE(IDCLIENTE, APELLIDO, NOMBRE, DNI, IDDISTRITO, DIRECCION, TELEFONO, CORREO)
VALUES(2, 'ARIAS ROJAS', 'JUAN ANTONIO', '10548923', 6, 'CALLE BETA 5436', '974309672', 'jarias@gmail.com');

INSERT INTO CLIENTE(IDCLIENTE, APELLIDO, NOMBRE, DNI, IDDISTRITO, DIRECCION, TELEFONO, CORREO)
VALUES(3, 'BAUTISTA OLIVERA', 'ERICK MARTIN', '05234598', 4, 'EDUARDO DE HABICH 267', '963894023', 'ebautista@gmail.com');

INSERT INTO CLIENTE(IDCLIENTE, APELLIDO, NOMBRE, DNI, IDDISTRITO, DIRECCION, TELEFONO, CORREO)
VALUES(4, 'BENITO SANTILLAN', 'ANDRE FABRIZIO', '20784356', 3, 'AV. ESPAÑA 5423', '912345873', 'abenito@gmail.com');

INSERT INTO CLIENTE(IDCLIENTE, APELLIDO, NOMBRE, DNI, IDDISTRITO, DIRECCION, TELEFONO, CORREO)
VALUES(5, 'CAMACHO QUIROGA', 'JHOIS MANUEL', '10546723', 1, 'AV. IZAGUIRRE 489', '945023712', 'jamacho@gmail.com');

GO





-- REPARTIDORES

INSERT INTO REPARTIDOR(IDREPARTIDOR, NOMBRE, RUC, IDDISTRITO, REPRESENTANTE, TELEFONO, CORREO)
VALUES(1, 'REPARTE FACIL', '20542376891', 4, 'RAUL TORRES', '902423869', 'samancio@gmail.com');

INSERT INTO REPARTIDOR(IDREPARTIDOR, NOMBRE, RUC, IDDISTRITO, REPRESENTANTE, TELEFONO, CORREO)
VALUES(2, 'SIRENITAS XPRESS', '20744699864', 2, 'JORDY ENP', '954114322', 'jordyenpfinalfeliz@gmail.com');

INSERT INTO REPARTIDOR(IDREPARTIDOR, NOMBRE, RUC, IDDISTRITO, REPRESENTANTE, TELEFONO, CORREO)
VALUES(3, 'GLOVO', '20604821216', 3, 'DAVID QUISPE', '989489300', 'dquispe@gmail.com');

INSERT INTO REPARTIDOR(IDREPARTIDOR, NOMBRE, RUC, IDDISTRITO, REPRESENTANTE, TELEFONO, CORREO)
VALUES(4, 'LLEGA RAPIDO', '20654018964', 2, 'RODRIGO BUSTOS', '942610514', 'rbustos21@gmail.com');

INSERT INTO REPARTIDOR(IDREPARTIDOR, NOMBRE, RUC, IDDISTRITO, REPRESENTANTE, TELEFONO, CORREO)
VALUES(5, 'RAPPI', '20146985278', 3, 'lUIS RUIZ', '964521783', 'lruiz@gmail.com');

INSERT INTO REPARTIDOR(IDREPARTIDOR, NOMBRE, RUC, IDDISTRITO, REPRESENTANTE, TELEFONO, CORREO)
VALUES(6, 'REPARTO EXPRESS', '20538856674', 3, 'NAOMI RIVAS', '963974540', 'naorivas@gmail.com');

INSERT INTO REPARTIDOR(IDREPARTIDOR, NOMBRE, RUC, IDDISTRITO, REPRESENTANTE, TELEFONO, CORREO)
VALUES(7, 'FULL FLASH', '20135670968', 1, 'JOSE BUSTAMANTE', '993880034', 'jbustamante@gmail.com');

INSERT INTO REPARTIDOR(IDREPARTIDOR, NOMBRE, RUC, IDDISTRITO, REPRESENTANTE, TELEFONO, CORREO)
VALUES(8, 'EL FLASH', '20552376489', 6, 'LUIS JANDRO', '901532869', 'ljamdro@gmail.com');

INSERT INTO REPARTIDOR(IDREPARTIDOR, NOMBRE, RUC, IDDISTRITO, REPRESENTANTE, TELEFONO, CORREO)
VALUES(9, 'EL CORRECAMINOS', '20544579874', 2, 'JUAN LOPEZ', '902598365', 'jlopez@gmail.com');

GO


-- CATEGORIA

INSERT INTO CATEGORIA(IDCATEGORIA,NOMBRE) VALUES(1,'OCACIONES');
INSERT INTO CATEGORIA(IDCATEGORIA,NOMBRE) VALUES(2,'ARREGLOS');
INSERT INTO CATEGORIA(IDCATEGORIA,NOMBRE) VALUES(3,'BOXES');
GO


-- PRODUCTO

-- CATEGORIA: 1 - OCACIONES (1 - 5)

INSERT INTO PRODUCTO(IDPRODUCTO,NOMBRE,DETALLE,IDCATEGORIA,PRECOSTO,PREVENTA,STOCK)
VALUES(1, 'RAMO LOVE', '100 rosas premium rojo acompañado de verdes selectos. Empaque especial y único. Imagen referencial. Producto exclusivo.',1, 180.0, 450.0, 1000); 

INSERT INTO PRODUCTO(IDPRODUCTO,NOMBRE,DETALLE,IDCATEGORIA,PRECOSTO,PREVENTA,STOCK)
VALUES(2, 'ROSAS MULTICOLOR', '24 rosas premium multicolor. Dimensiones del box: 15cm x 15cm / el alto se incrementa con el tamaño de las flores. Imagen referencial. Este producto debe solicitarse con 24 horas de anticipación como mínimo. Producto exclusivo.',1, 100.0, 250.0, 1000); 

INSERT INTO PRODUCTO(IDPRODUCTO,NOMBRE,DETALLE,IDCATEGORIA,PRECOSTO,PREVENTA,STOCK)
VALUES(3, 'RAMO INSPIRACIÓN', '24 rosas premium rosado y perla acompañado con verdes de estación.Empaque especial y único. Imagen referencial. Producto exclusivo.',1, 80.0, 170.0, 1000); 



-- CATEGORIA: 2 - ARREGLOS (6 - 10)



-- CATEGORIA: 3 - BOXES (11 - 15)



-- PARAMETROS

INSERT INTO PARAMETRO(IDPARAMETRO,DESCRIPCION,VALOR) VALUES(1,'IGV','0.18');
INSERT INTO PARAMETRO(IDPARAMETRO,DESCRIPCION,VALOR) VALUES(2,'COSTO DE ENVIO','20.0');
GO

-- CONTADORES

INSERT INTO CONTADOR(IDCONTADOR, TABLA, ULTIMO) VALUES( 1, 'DISTRITO', 0 );
INSERT INTO CONTADOR(IDCONTADOR, TABLA, ULTIMO) VALUES( 2, 'CLIENTE', 0 );
INSERT INTO CONTADOR(IDCONTADOR, TABLA, ULTIMO) VALUES( 3, 'REPARTIDOR', 0 );
INSERT INTO CONTADOR(IDCONTADOR, TABLA, ULTIMO) VALUES( 4, 'CATEGORIA', 0 );
INSERT INTO CONTADOR(IDCONTADOR, TABLA, ULTIMO) VALUES( 5, 'VENTA', 0 );
GO


-- ACTUALIZAR CONTADORES

UPDATE CONTADOR 
SET ULTIMO = (SELECT MAX(IDDISTRITO) FROM DISTRITO)
WHERE IDCONTADOR = 1;
GO

UPDATE CONTADOR 
SET ULTIMO = (SELECT MAX(IDCLIENTE) FROM CLIENTE)
WHERE IDCONTADOR = 2;
GO

UPDATE CONTADOR 
SET ULTIMO = (SELECT MAX(IDREPARTIDOR) FROM REPARTIDOR)
WHERE IDCONTADOR = 3;
GO

UPDATE CONTADOR 
SET ULTIMO = (SELECT MAX(IDCATEGORIA) FROM CATEGORIA)
WHERE IDCONTADOR = 4;
GO

SELECT * FROM CONTADOR;
GO